DTE_acc,DTE_f1,DTE_test,DTE_train,single_acc,single_f1,single_test,single_train
0.8932291666666667,0.7367689734153434,0.9609896153211593,0.902482521533966,0.7707341269841269,0.7482233788198271,0.9374818276081767,0.9037487044220879
0.8376736111111112,0.7913093128495853,0.9345639243721962,0.8953800880908966,0.706498015873016,0.6962717843130509,0.9654372560126441,0.9197722739265078
0.8472222222222223,0.6976216288506036,1.003822971880436,0.9241230515638987,0.6706969246031745,0.7258364823068321,0.9955075785517693,0.9059262955188752
0.8276909722222222,0.7332111126404562,0.9717195123434067,0.8875392321745554,0.6964037698412698,0.6840594718136906,0.9957584704671587,0.9451101009618669
0.6355034722222221,0.43374965989264247,1.0280076310038566,1.01976021528244,0.5249255952380952,0.7131814410490723,1.035768988941397,0.9633865552289146
