DTE_acc,DTE_f1,DTE_test,DTE_train,single_acc,single_f1,single_test,single_train
0.8346354166666667,0.7505846312102538,0.9449313372373581,0.9280635603268941,0.766889880952381,0.7563036757203734,0.986878391461713,0.9120772046702249
0.884765625,0.7497220795239592,0.9201341599225998,0.8597016112009684,0.7318700396825396,0.7730840644638072,0.9588245368429593,0.8720736611457098
0.8289930555555556,0.7716495787816947,0.9575334787368774,0.8355691170692444,0.6861235119047618,0.7496440981921259,0.9830290351595198,0.9149357805933271
0.6927083333333334,0.4553719144500753,0.9787133514881134,0.8376853656768799,0.7489459325396826,0.7362549267046036,0.9124708948390824,0.8733692226523445
0.7994791666666666,0.6156974966404906,0.9738864481449128,0.9966902267932892,0.5884548611111111,0.6666007759179864,1.03988318081413,0.9874255128133864
