DTE_rmse,DTE_test,DTE_train,single_rmse,single_test,single_train
0.9365901642452531,0.9102829568261324,1.0266536820766539,1.0225378097258797,1.1148245008763418,1.1798720133892062
